"Order ID","Customer User ID","Customer Account Email Address","Product ID",SKU,"Product Name","Product Variation Details (colour)","Product Variation Details (size)",Quantity,"Item Cost","Item Total","Item Tax","Item Tax Total","Item Tax Data","Order Line ID"
3275,0,docherty.mark@gmail.com,1109,,"Andes 6 &#8220;Folding&#8221; Crosstrainer",,,1,700.00,700,0,0,,1
3276,0,barrybryce@gmail.com,3259,,"Kay Metzeler Crush Mat Safety Mattress",,,1,198.00,198,0,0,,2
3316,0,lena_sxc69@hotmail.com,276,,"5 kg Chrome Dumbbells ",,,1,29.99,29.99,0,0,,3
3352,0,principal@meridiancollege.co.uk,1922,,"Abdominal and Back Machine by BodyMax ""Pro 2"" ",,,1,"1,595.00",1595,0,0,,4
3362,0,principal@meridiancollege.co.uk,1910,,"Leg Extension Leg Curl Machine by BodyMax ""Pro 2"" ",,,1,"1,595.00",1595,0,0,,5
3369,0,sharon_garrett@nexeninc.com,2989,,"Horizon Tempo T905 Treadmill EX HIRE",,,1,550.00,550,0,0,,6
3690,0,viktorstancu@yahoo.co.uk,296,,"22.5 kg Chrome Dumbbells ",,,1,149.99,149.99,0,0,,7
3704,0,principal@meridiancollege.co.uk,1897,,"Lat/Row Pulley 250 by BodyMax ""Pro 2"" ",,,1,"1,595.00",1595,0,0,,8
3704,0,principal@meridiancollege.co.uk,1916,,"Rear Deltoid and Pec Fly Machine by BodyMax ""Pro 2"" ",,,1,"1,595.00",1595,0,0,,9
3918,0,helen.stanistreet@northtyneside.gov.uk,3753,,"Ab Cradle",,,2,39.99,79.98,0,0,,12
3989,0,bdownie@hotmail.co.uk,1831,,"The &#8220;S3 Plus&#8221; Spinning Bike",,,1,399.00,399,0,0,,13
4077,0,edemund.plested@ntlworld.com,2824,,"The Horizon “Elite T4000″ Treadmill",,,1,"1,399.00",1399,0,0,,14
4081,0,mothergimed@hotmail.com,1683,,"The Horizon “Adventure 5″ Plus Treadmill",,,1,999.00,999,0,0,,15
4083,0,tomchung07@hotmail.com,332,,"Black Rubber Hex Dumbbells (pair) 12.5kg",,,1,55.99,55.99,0,0,,16
4139,0,brucewhanya@hotmail.com,332,,"Black Rubber Hex Dumbbells (pair) 12.5kg",,,1,55.99,55.99,0,0,,17
4139,0,brucewhanya@hotmail.com,338,,"Black Rubber Hex Dumbbells (pair) 17.5kg",,,1,77.99,77.99,0,0,,18
4140,0,ordinarymatei@outlook.com,332,,"Black Rubber Hex Dumbbells (pair) 12.5kg",,,1,55.99,55.99,0,0,,19
4140,0,ordinarymatei@outlook.com,338,,"Black Rubber Hex Dumbbells (pair) 17.5kg",,,1,77.99,77.99,0,0,,20
4143,0,martinmuku@hotmail.com,338,,"Black Rubber Hex Dumbbells (pair) 17.5kg",,,1,77.99,77.99,0,0,,21
4143,0,martinmuku@hotmail.com,332,,"Black Rubber Hex Dumbbells (pair) 12.5kg",,,1,55.99,55.99,0,0,,22
4144,0,ordinarymatei@outlook.com,338,,"Black Rubber Hex Dumbbells (pair) 17.5kg",,,1,77.99,77.99,0,0,,23
4144,0,ordinarymatei@outlook.com,332,,"Black Rubber Hex Dumbbells (pair) 12.5kg",,,1,55.99,55.99,0,0,,24
4168,0,r.reynolds@energy-fitpro.co.uk,3684,,"Black Rubber Hex Dumbbells (pair) 40kg",,,1,169.99,169.99,0,0,,25
4194,0,vechidiki@hotmail.co.uk,345,,"Black Rubber Hex Dumbbells (pair) 25kg",,,1,104.99,104.99,0,0,,26
4197,0,bhs.kintrea@btinternet.com,3253,,"Kay Metzeler Super Light Mats",,,16,43.20,691.2,0,0,,27
4203,0,bha.kintrea@btinternet.com,3253,,"Kay Metzeler Super Light Mats",,,16,51.84,829.44,0,0,,28
4218,0,tester@inigo.net,1696,,"The Horizon “Elite E4000″ Elliptical Trainer",,,1,799.00,799,0,0,,29
4221,0,ngtsjt@hotmail.com,1696,,"The Horizon &#8220;Elite E4000&#8243; Elliptical Trainer",,,1,799.00,799,0,0,,30
4226,0,clairestidwill@msn.com,332,,"Black Rubber Hex Dumbbells (pair) 12.5kg",,,1,55.99,55.99,0,0,,31
4226,0,clairestidwill@msn.com,223,,"Standard Bar 6 ft",,,1,24.99,24.99,0,0,,32
4226,0,clairestidwill@msn.com,338,,"Black Rubber Hex Dumbbells (pair) 17.5kg",,,1,77.99,77.99,0,0,,33
4248,0,kojack@blueyonder.co.uk,3462,,"Roman Chair - BH Fitness ",,,1,379.00,379,0,0,,34
4248,0,kojack@blueyonder.co.uk,3457,,"Chin Up Dip Station by BH Fitness",,,1,770.00,770,0,0,,35
4291,0,angelafraioli@btconnect.com,1840,,"Focus 3 Exercise Bike by Horizon",,,1,299.00,299,0,0,,36
4692,0,paulnorris84@gmail.com,3688,,"Black Rubber Hex Dumbbells (pair) 50kg",,,1,209.99,209.99,0,0,,37
5825,0,tester@inigo.net,4162,,"York Fitness Active 120 Treadmill - ex hired",,,1,449.00,449,0,0,,38
5826,4,dan@inigo.net,4788,,"York Fitness Active 120 Treadmill",,,1,241.00,241,0,0,,39
5827,4,dan@inigo.net,4788,,"York Fitness Active 120 Treadmill",,,1,241.00,241,0,0,,40
5833,0,gregory.mccann@hotmail.co.uk,320,,"Black Rubber Hex Dumbbells (pair) 7kg",,,1,33.99,33.99,0,0,,41
8616,0,joanne@furby.me.uk,1696,,"E4000 Elite Elliptical Trainer",,,1,799.00,799,0,0,,42
8618,0,chrismctaggart@live.co.uk,4162,,"York Fitness Active 120 Treadmill - ex hired",,,1,449.00,449,0,0,,43
8626,0,deford70@talktalk.net,1861,,"Syros Elliptical Trainer",,,1,250.00,250,0,0,,44
8989,0,paulfraser@gmail.com,4162,,"York Fitness Active 120 Treadmill - ex hired",,,1,141.00,141,0,0,,45
8994,0,kryme@btinternet.com,1699,,"Delos Pro Elliptical Trainer",,,1,300.00,300,0,0,,46
9349,0,bevflattery@live.co.uk,435,,"Commercial 500ml Treadmill Lubrication Pack",,,1,44.95,44.95,0,0,,47
9360,0,matt.leavesley@gmail.com,1913,,"Multi Purpose Bench and Shoulder Press Machine by BodyMax ""Pro 2"" ",,,1,"1,595.00",1595,0,0,,48
9448,0,daniel.goetz@aquaterra.org,7942,15100,"York Kettlebell Rack (for cast kb's)",,,1,199.99,199.99,0,0,,49
9450,0,freddy@croft80.freeserve.co.uk,9345,,"LiveStrong LS7.9T Used Condition",,,1,400.00,400,0,0,,50
9451,0,freddy@croft80.freeserve.co.uk,9345,,"LiveStrong LS7.9T Used Condition",,,1,400.00,400,0,0,,51
9455,0,steve_mcghee@msn.com,433,,"Home Use 100 ml Treadmill Lubrication Pack",,,1,16.99,16.99,0,0,,52
9796,0,chris@rockgrove.co.uk,4082,,"Adventure 5 Plus Treadmill by Horizon EX &#8211; Hire",,,1,890.00,890,0,0,,53
10071,0,stevenash@meitassociates.com,7877,6635,"Adjustable Lumbar Support and Pad by York",,,1,16.99,16.99,0,0,,54
10161,0,ajsink28@gmail.com,4032,,"I-Carbon Bike by BH Fitness",,,1,699.00,699,0,0,,55
10205,0,audreyandlinda@aol.com,2989,,"Horizon Tempo T905 Treadmill EX HIRE",,,1,575.00,575,0,0,,56
10206,0,eugedemisuri@gmail.com,332,,"Black Rubber Hex Dumbbells (pair) 12.5kg",,,1,55.99,55.99,0,0,,57
10415,0,conniebonsall@hotmail.co.uk,1699,,"Delos Pro Elliptical Trainer",,,1,300.00,300,0,0,,58
10416,0,dutz82@yahoo.com,7877,6635,"Adjustable Lumbar Support and Pad by York",,,1,16.99,16.99,0,0,,59
10422,0,family@mactheknife.org,7915,8414,"Chest Strap Transmitter by York",,,1,24.99,24.99,0,0,,60
10438,0,ajr_blair@yahoo.co.uk,4151,,"York Fitness Perform 210 Treadmill - ex hired",,,1,549.00,549,0,0,,61
10514,0,bigwynne1336@hotmail.com,10274,,"York 45kg Pro-Style Barbell",,,1,185.00,185,0,0,,62
10718,0,sean.woodford@aon.co.uk,7879,6636,"Adjustable Wrist Support by York",,,22,4.58,100.76,0,0,,63
10720,0,pookster_179@hotmail.com,8599,BBE684,"Leather Speed Hook and Jab Pads BBE Pro",,,1,47.99,47.99,0,0,,64
10722,0,m@m.com,4006,,"Spada GSG Indoor Cycle by BH Fitness",,,1,480.00,480,0,0,,65
10734,0,rupertlywood@me.com,10336,,"F15 Treadmill by BH Fitness",,,1,"1,799.00",1799,0,0,,66
10736,0,kierannicol@hotmail.com,4195,,"i-F4R Treadmill by BH Fitness",,,1,173.00,173,0,0,,67
10738,0,karl_gallimore@hotmail.com,8201,,"York Perform 210 Crosstrainer",,,1,151.00,151,0,0,,68
10811,0,banna76@hotmail.com,4162,,"York Fitness Active 120 Treadmill - ex hired",,,1,151.00,151,0,0,,69
10834,0,george.knights@btinternet.com,10465,,"FDC19 Crosstrainer by BH Fitness",,,1,455.00,455,0,0,,70
10834,0,george.knights@btinternet.com,390,,"6 Piece interlocking foam mats",,,1,44.99,44.99,0,0,,71
10836,0,chris@hartfields.com,10817,,"Variation #10817 of Kay Metzeler Deluxe Mat",,,1,66.24,66.24,0,0,,72
10863,0,seanbryson@rocketmail.com,8482,69002,"York 2 Sided A-Frame Rack for 1.25 kg to 25 kg",,,1,89.99,89.99,0,0,,73
10864,0,ioates@1508london.com,288,,"12.5 kg Chrome Dumbbells ",,,1,89.99,89.99,0,0,,74
10950,0,dngarrard@ntlworld.com,7915,8414,"Chest Strap Transmitter by York",,,1,24.99,24.99,0,0,,75
11074,0,elaineangelasmith@hotmail.co.uk,4012,,"F1 Smart Treadmill by BH Fitness ex hired",,,1,122.08,122.08,0,0,,76
11110,0,chris@wickwoods.co.uk,10817,,"Variation #10817 of Kay Metzeler Deluxe Mat",,,4,66.24,264.96,0,0,,77
11301,0,tony.widdicombe@talk21.com,10336,,"F15 Treadmill by BH Fitness",,,1,"1,799.00",1799,0,0,,78
11339,0,dutz82@yahoo.com,7877,6635,"Adjustable Lumbar Support and Pad by York",,,1,16.99,16.99,0,0,,79
11371,0,andrew.kean@firstpointusa.com,10375,,"F9 Treadmill by BH Fitness",,,1,200.00,200,0,0,,80
11388,22,chr1st1nebracken23@gmail.com,10731,,"NordicTrack E12 Folding Elliptical Cross Trainer (EX Hire)",,,1,350.00,350,0,0,,81
11389,0,jaja_jaho@yahoo.co.uk,10731,,"NordicTrack E12 Folding Elliptical Cross Trainer (EX Hire)",,,1,350.00,350,0,0,,82
11390,33,colin.bowley@sussexcricket.co.uk,10968,,"Variation #10968 of Kay Metzeler Deluxe Agility Mat",blue,10-x-4-x-2-3-05-m-x-1-22-m-x-5-08-cm-26-56-kg,2,84.00,168,0,0,,83
11395,116,richard.imrie@hotmail.co.uk,3684,,"Black Rubber Hex Dumbbells (pair) 40kg",,,1,169.99,169.99,0,0,,84
11399,116,richard.imrie@hotmail.co.uk,3844,,"Impact Rubber Flooring",,,3,22.00,66,0,0,,85
11400,198,ernestzims@yahoo.co.uk,11215,,"C8000 Upright Cycle Ex Demo",,,1,350.00,350,0,0,,86
11401,222,gowrivijayan@gmail.com,4012,,"F1 Smart Treadmill by BH Fitness ex hired",,,1,279.16,279.16,0,0,,87
11402,225,weasychops@googlemail.com,4216,,"I-F2W Treadmill by BH Fitness",,,1,117.00,117,0,0,,88
11405,0,pamspalding@hotmail.com,4151,,"York Fitness Perform 210 Treadmill - ex hired",,,1,122.08,122.08,0,0,,89
11406,0,iona.hamilton75@gmail.com,1665,HTM0916-03GB,"The Horizon Omega 2 Treadmill EX Hire",,,1,216.00,216,0,0,,90
11409,225,weasychops@googlemail.com,4216,,"I-F2W Treadmill by BH Fitness",,,1,117.00,117,0,0,,91
11438,272,nosmohtnetsrik@hotmail.com,10508,,"Elite T3000 Ex Hire by Horizon",,,1,119.20,119.2,0,0,,92
11499,0,claire.mcguckin@sky.com,4162,,"York Fitness Active 120 Treadmill - ex hired",,,1,151.00,151,0,0,,93
11502,0,lister367@btinternet.com,3764,,"1 to 10 kg Chrome Hand Weights with Rack",,,1,484.99,484.99,0,0,,94
11503,0,lister367@btinternet.com,3764,,"1 to 10 kg Chrome Hand Weights with Rack",,,1,484.99,484.99,0,0,,95
11510,0,arlenekatorza@hotmail.com,2989,,"Horizon Tempo T905 Treadmill EX HIRE",,,1,122.08,122.08,0,0,,96
11511,0,vivianvbreestsm@hotmail.com,10375,,"F9 Treadmill by BH Fitness",,,1,"1,199.00",1199,0,0,,97
11512,0,vivianvbreestsm@hotmail.com,10375,,"F9 Treadmill by BH Fitness",,,1,"1,199.00",1199,0,0,,98
11513,0,stephirvine57@gmail.com,433,,"Home Use 100 ml Treadmill Lubrication Pack",,,1,16.99,16.99,0,0,,99
11515,0,rowleyalan@sky.com,433,,"Home Use 100 ml Treadmill Lubrication Pack",,,1,16.99,16.99,0,0,,100
11530,0,gillianhalley@btinterney.com,8201,,"York Perform 210 Crosstrainer",,,1,299.99,299.99,0,0,,101
11536,442,jayne.shephard@energiquefitness.co.uk,356,,"Black Cast 8kg Kettlebell",,,4,17.99,71.96,0,0,,102
11537,443,robhenuzz@gmail.com,7889,6700,"York Floor Guard w/edge - 4 tiles",,,60,17.99,1079.4,0,0,,103
11538,0,seanbryson@hotmail.co.uk,8482,69002,"York 2 Sided A-Frame Rack for 1.25 kg to 25 kg",,,1,89.99,89.99,0,0,,104
11558,0,stephenroseontour@hotmail.com,7854,6150,"Vinyl Locking Collar Pair Standard 1"" by York",,,1,2.50,2.5,0,0,,105
11570,0,marian9057@aol.com,8242,,"York Perform 220 Exercise Cycle",,,1,120.00,120,0,0,,106
11575,477,sheena_khan@msn.com,8236,,"York Perform 210 Exercise Cycle",,,1,229.99,229.99,0,0,,107
11590,0,lamya.kamal@gmail.com,1699,,"Delos Pro Elliptical Trainer Ex Demo",,,1,300.00,300,0,0,,108
11591,0,bernies1403@aol.com,10465,,"FDC19 Crosstrainer by BH Fitness",,,1,126.00,126,0,0,,109
11593,495,jason@port80.com,3999,,"SB3 Pro Magnetic Indoor Cycle by BH Fitness",,,1,649.00,649,0,0,,110
11603,580,freedom4lifeuk@gmail.com,8227,,"York Active 110 Exercise Cycle",,,1,179.99,179.99,0,0,,111
11605,0,joannale1@hotmail.co.uk,8272,54257,"6 Inch Stackable Plyo Box by York",,,1,164.99,164.99,0,0,,112
11607,0,lee@bodymotiv8.co.uk,11525,,"Nordictrack 12.0 Folding Elliptical Crosstrainer",,,1,350.00,350,0,0,,113
11645,0,mel_crowther@hotmail.com,1665,HTM0916-03GB,"The Horizon Omega 2 Treadmill EX Hire",,,1,119.20,119.2,0,0,,114
11668,0,nstruckmeier@btinternet.com,10375,,"F9 Treadmill by BH Fitness",,,1,200.00,200,0,0,,115
11669,0,addychoi@hotmail.co.uk,10974,,"Variation #10974 of Kay Metzeler Deluxe Agility Mat",blue,6-x-4-x-2-1-82-m-x-1-22-m-x-5-08-cm-15-kg,1,60.00,60,0,0,,116
11670,0,addychoi@hotmail.co.uk,10817,,"Variation #10817 of Kay Metzeler Deluxe Mat",,,1,66.24,66.24,0,0,,117
11691,658,kevin@kascoservices.co.uk,1699,,"Delos Pro Elliptical Trainer Ex Demo",,,1,131.00,131,0,0,,118
11692,0,christine.crearie@ntlworld.com,10472,,"TFC19 Crosstrainer by BH Fitness",,,1,108.00,108,0,0,,119
11717,0,mitch@mi7records.com,11666,,"X1500 Crosstrainer by Vision Fitness",,,1,499.00,499,0,0,,120
11718,0,sarahdixon_13@hotmail.com,8211,,"York Perform 230 Crosstrainer",,,1,144.00,144,0,0,,121
11720,0,gdgraham@me.com,8566,,"Snaplock Bag Hook BBE PRO",,,2,3.49,6.98,0,0,,122
11720,0,gdgraham@me.com,8045,,"York 1.25kg Olympic Rubber &#8216;ISO-Grip&#8217; Plates",,,4,4.49,17.96,0,0,,123
11720,0,gdgraham@me.com,8049,28001,"York 2.5kg Olympic Rubber 'ISO-Grip' Plates",,,2,8.80,17.6,0,0,,124
11722,711,nmclar12@caledonian.ac.uk,9420,,"York Perform 220 Treadmill",,,1,119.02,119.02,0,0,,125
11742,747,varyanorrie@sky.com,11432,,"i-F4 Treadmill by BH Fitness",,,1,126.00,126,0,0,,126
11743,0,george@seaward-supplies.co.uk,3684,,"Black Rubber Hex Dumbbells (pair) 40kg",,,1,169.99,169.99,0,0,,127
11745,0,roscoe.mcinerney@gmail.com,10508,,"Elite T3000 Ex Hire by Horizon",,,1,99.00,99,0,0,,128
11745,0,roscoe.mcinerney@gmail.com,7952,15631,"York 1 x 1 kg Neo Hex DB",,,2,3.19,6.38,0,0,,129
11746,752,pamelaxcx@hotmail.co.uk,4151,,"York Fitness Perform 210 Treadmill - ex hired",,,1,183.12,183.12,0,0,,130
11747,0,gavin@gkremovals.co.uk,8563,,"Heavy Duty Punch Bag Spring BBE Pro",,,1,10.00,10,0,0,,131
11747,0,gavin@gkremovals.co.uk,8566,,"Snaplock Bag Hook BBE PRO",,,1,3.49,3.49,0,0,,132
11748,0,t.grime@hotmail.com,7828,5520,"Treadmill Lube and Walk by York",,,1,16.99,16.99,0,0,,133
11750,0,mureen444@gmail.com,10293,,"M400 Prince Massage Chair by BH Fitness",,,1,"1,599.99",1599.99,0,0,,134
11751,0,pttruefitness@gmail.com,10974,,"Variation #10974 of Kay Metzeler Deluxe Agility Mat",blue,6-x-4-x-2-1-82-m-x-1-22-m-x-5-08-cm-15-kg,1,60.00,60,0,0,,135
11752,0,kerigale@ymail.com,3579,,"LK8250 VS Trainer Commercial - BH Fitness",,,1,312.00,312,0,0,,136
11817,0,terryk@stghltc.co.uk,10974,,"Variation #10974 of Kay Metzeler Deluxe Agility Mat",blue,6-x-4-x-2-1-82-m-x-1-22-m-x-5-08-cm-15-kg,7,60.00,420,0,0,,137
11828,771,monikaga35@yahoo.co.uk,8221,,"York Excel 320 Crosstrainer",,,1,539.99,539.99,0,0,,138
11829,0,dawn.mitchell@btconnect.com,2989,,"Horizon Tempo T905 Treadmill EX HIRE",,,1,157.08,157.08,0,0,,139
11845,0,gavin.swainston@yahoo.co.uk,7854,6150,"Vinyl Locking Collar Pair Standard 1"" by York",,,2,2.50,5,0,0,,140
11846,0,kevindobbie@hotmail.com,10354,,"F12 Treadmill by BH Fitness",,,1,180.00,180,0,0,,141
11850,0,johnkearneybl@btinternet.com,8252,54001,"York STS Double Bar Holders for Power Rack (Pair)",,,1,149.99,149.99,0,0,,142
12056,0,gillmckay@hotmail.com,8196,,"York Active 120 Crosstrainer",,,1,104.00,104,0,0,,143
12063,0,rgg1967@hotmail.com,10375,,"F9 Treadmill by BH Fitness",,,1,235.00,235,0,0,,144
12064,2,kurt@chandlersports.co.uk,1665,HTM0916-03GB,"The Horizon Omega 2 Treadmill EX Hire",,,1,450.00,450,0,0,,145
12104,0,gordonf5@live.com,10385,,"F5 Treadmill ex hire by BH Fitness",,,1,184.00,184,0,0,,146
12107,0,marywashingtonsmith@btinternet.com,2935,,"AB MXR 1 kg",,,1,35.00,35,0,0,,147
12107,0,marywashingtonsmith@btinternet.com,3753,,"Ab Cradle",,,1,39.99,39.99,0,0,,148
12108,0,louise.williams@live.co.uk,8330,60027,"York Soft ankle/wrist weights 2 x 2kg",,,6,16.99,101.94,0,0,,149
12126,0,saranickchamonix@gmail.com,10354,,"F12 Treadmill by BH Fitness",,,1,215.00,215,0,0,,150
12127,0,lab_web@hotmail.com,267,,"1 Kg Chrome Dumbbells ",,,1,9.99,9.99,0,0,,151
12131,839,caroline27702@aol.com,9420,,"York Perform 220 Treadmill",,,1,145.00,145,0,0,,152
12132,840,claudine_irvine@hotmail.co.uk,3970,,"G260 Khronos Crosstrainer by BH Fitness",,,1,138.00,138,0,0,,153
12133,841,arc2304@yahoo.co.uk,8451,60165,"8 kg Medicine Ball with Handles by York",,,1,53.99,53.99,0,0,,154
12135,849,garyflemingg1@yahoo.co.uk,10486,,"Class Bike 2 Ex Demo by BH Fitness",,,1,108.00,108,0,0,,155
12176,0,riddellsdn@btinternet.com,9420,,"York Perform 220 Treadmill",,,1,168.00,168,0,0,,156
12178,0,steve@thedents.freeserve.co.uk,10968,,"Variation #10968 of Kay Metzeler Deluxe Agility Mat",blue,10-x-4-x-2-3-05-m-x-1-22-m-x-5-08-cm-26-56-kg,2,96.00,192,0,0,,157
12179,875,bigpeak10@yahoo.co.uk,1701,,"Elite U4000 Exercise Bike by Horizon ex hire",,,1,114.00,114,0,0,,158
12196,0,sarahewebb@hotmail.co.uk,9420,,"York Perform 220 Treadmill",,,1,126.56,126.56,0,0,,159
12199,889,johnmcnulty35@yahoo.co.uk,4216,,"I-F2W Treadmill by BH Fitness",,,1,234.00,234,0,0,,160
12209,892,dan@wesuckatcomputers.com,8035,26713,"35 kg Pro Style DB by York",,,1,136.99,136.99,0,0,,161
12209,892,dan@wesuckatcomputers.com,8039,26715,"40 kg Pro Style DB by York",,,1,148.99,148.99,0,0,,162
12210,0,traceylawson@btopenworld.com,10508,,"Elite T3000 Ex Hire by Horizon",,,1,167.00,167,0,0,,163
12212,0,octopusdeej@googlemail.com,11882,,"York 10kg Olympic Green Rubber Bumper Plate",,,1,34.00,34,0,0,,164
12215,905,zoeleitch@icloud.com,10354,,"F12 Treadmill by BH Fitness",,,1,240.00,240,0,0,,165
12216,906,karenlow2222@hotmail.com,4216,,"I-F2W Treadmill by BH Fitness",,,1,152.00,152,0,0,,166
12217,907,kathmccaffrey@googlemail.com,8221,,"York Excel 320 Crosstrainer",,,1,120.00,120,0,0,,167
12219,908,fiona_7884@hotmail.com,9420,,"York Perform 220 Treadmill",,,1,119.02,119.02,0,0,,168
12220,0,caroline.mccann@rbc.com,10465,,"FDC19 Crosstrainer by BH Fitness",,,1,168.00,168,0,0,,169
12221,0,cesca86@hotmail.com,10508,,"Elite T3000 Ex Hire by Horizon",,,1,165.00,165,0,0,,170
12223,0,etheboom@btinternet.com,4162,,"York Fitness Active 120 Treadmill - ex hired",,,1,395.00,395,0,0,,171
12225,0,pamelasuzanne.dawson@gmail.com,8232,,"York Active 120 Exercise Cycle",,,1,66.00,66,0,0,,172
12226,0,loupops@sky.com,10472,,"TFC19 Crosstrainer by BH Fitness",,,1,108.00,108,0,0,,173
12227,0,charlie.ward@hotmail.com,7998,26605,"25 kg Pro Style Barbell by York",,,1,103.00,103,0,0,,174
12229,0,lorajay@hotmail.com,10354,,"F12 Treadmill by BH Fitness",,,1,180.00,180,0,0,,175
12230,0,dan@wesuckatcomputers.com,8035,26713,"35 kg Pro Style DB by York",,,1,136.99,136.99,0,0,,176
12231,0,nichola_martin20@hotmail.com,4216,,"I-F2W Treadmill by BH Fitness",,,1,117.00,117,0,0,,177
12232,0,chrismanning@blueyonder.co.uk,7854,6150,"Vinyl Locking Collar Pair Standard 1"" by York",,,2,2.50,5,0,0,,178
12235,0,stojanovic.ema.3@gmail.com,1701,,"Elite U4000 Exercise Bike by Horizon ex hire",,,1,114.00,114,0,0,,179
12236,945,eunicegraham@gmail.com,10385,,"F5 Treadmill ex hire by BH Fitness",,,1,138.00,138,0,0,,180
12237,945,eunicegraham@gmail.com,274,,"4 kg Chrome Dumbbells ",,,1,24.99,24.99,0,0,,181
12238,949,dan@creative-storm.co.uk,9420,,"York Perform 220 Treadmill",,,1,168.00,168,0,0,,182
12240,0,rizzo_8796@yahoo.co.uk,8149,48006,"York FTS Olympic Fixed Flat Bench",,,1,265.00,265,0,0,,183
12241,0,mr.ashworth@gmail.com,8285,55006,"York STS Power Rack",,,1,"1,319.99",1319.99,0,0,,184
12242,953,winneepark-@hotmail.com,12187,,"York Fitness 3000 Series TII Treadmill - ex hired",,,1,145.00,145,0,0,,185
12243,955,kathyparis222@gmail.com,4162,,"York Fitness Active 120 Treadmill - ex hired",,,1,391.00,391,0,0,,186
12248,0,brian_mearns@hotmail.co.uk,10472,,"TFC19 Crosstrainer by BH Fitness",,,1,108.00,108,0,0,,187
12251,0,g.w.ross@hotmail.com,8472,60174,"York Cast Iron 16kg Kettlebell",,,1,44.99,44.99,0,0,,188
12252,0,robinson2012@hotmail.co.uk,8593,BBE678,"6 Inch Leather Peanut Speed Ball BBE Pro",,,1,25.99,25.99,0,0,,189
12253,0,theblankleys@aol.com,7877,6635,"Adjustable Lumbar Support and Pad by York",,,1,16.99,16.99,0,0,,190
12254,0,booby_trap@hotmail.co.uk,8159,48051,"York FTS Lat Pull Down",,,1,429.00,429,0,0,,191
12256,0,info@crossfitexe.com,8078,32032,"York 6ft Olympic Aluminium Technique Bar",,,2,94.99,189.98,0,0,,192
12257,0,gary-macaulay@live.co.uk,8196,,"York Active 120 Crosstrainer",,,1,104.00,104,0,0,,193
12258,970,paul.gibson@purenet.co.uk,3680,,"Black Rubber Hex Dumbbells (pair) 35kg",,,1,149.99,149.99,0,0,,194
12260,972,r.reynolds@energy-fitpro.co.uk,3676,,"Black Rubber Hex Dumbbells (pair) 32.5kg",,,1,139.99,139.99,0,0,,195
12261,972,r.reynolds@energy-fitpro.co.uk,3676,,"Black Rubber Hex Dumbbells (pair) 32.5kg",,,1,139.99,139.99,0,0,,196
12263,973,zen125859@zen.co.uk,10385,,"F5 Treadmill ex hire by BH Fitness",,,1,219.00,219,0,0,,197
12263,973,zen125859@zen.co.uk,10482,,"Atlantic Crosstrainer by BH Fitness",,,1,151.00,151,0,0,,198
12265,0,deb091@outlook.com,8389,60122,"9 Inch Floor to Ceiling Ball Set by York",,,1,25.99,25.99,0,0,,199
12266,970,paul.gibson@purenet.co.uk,3682,,"Black Rubber Hex Dumbbells (pair) 37.5kg",,,1,159.99,159.99,0,0,,200
12267,982,colzoeadams@btinternet.com,10385,,"F5 Treadmill ex hire by BH Fitness",,,1,138.00,138,0,0,,201
12268,983,richparnold@hotmail.com,3970,,"G260 Khronos Crosstrainer by BH Fitness",,,1,173.00,173,0,0,,202
12270,0,caroline.mccann@rbc.com,3970,,"G260 Khronos Crosstrainer by BH Fitness",,,1,138.00,138,0,0,,203
12271,0,matt@assuredit.com,8285,55006,"York STS Power Rack",,,1,"1,319.99",1319.99,0,0,,204
12271,0,matt@assuredit.com,8291,55026,"York STS Flat Bench",,,1,133.00,133,0,0,,205
12271,0,matt@assuredit.com,241,,"86 inch Olympic Power Bar 1500lb",,,1,92.99,92.99,0,0,,206
12271,0,matt@assuredit.com,11918,,"200kg Big Boss Pack ISO Olympic Plates",,,1,599.00,599,0,0,,207
12271,0,matt@assuredit.com,8049,28001,"York 2.5kg Olympic Rubber 'ISO-Grip' Plates",,,4,8.80,35.2,0,0,,208
12271,0,matt@assuredit.com,11912,,"York 1.25kg Olympic Rubber 'ISO-Grip' Plates",,,4,4.49,17.96,0,0,,209
12271,0,matt@assuredit.com,8120,36040,"York Olympic Spring Collars",,,1,6.49,6.49,0,0,,210
12279,0,graham_c_hughes@yahoo.co.uk,8221,,"York Excel 320 Crosstrainer",,,1,155.00,155,0,0,,211
12282,0,jenmcewan@hotmail.co.uk,10375,,"F9 Treadmill by BH Fitness",,,1,150.00,150,0,0,,212
12283,0,debbiepaterson71@yahoo.co.uk,12187,,"York Fitness 3000 Series TII Treadmill - ex hired",,,1,108.00,108,0,0,,213
12285,0,jakeslade@sky.com,10375,,"F9 Treadmill by BH Fitness",,,1,"1,199.00",1199,0,0,,214
12286,0,jakeslade@sky.com,10375,,"F9 Treadmill by BH Fitness",,,1,"1,199.00",1199,0,0,,215
12287,0,leannewatson1500@hotmail.com,3992,,"Class Bike 2 Indoor Cycle by BH Fitness",,,1,108.00,108,0,0,,216
12289,0,example@example.com,4006,,"Spada GSG Indoor Cycle by BH Fitness",,,1,760.00,760,0,0,,217
12290,0,liza82@hotmail.com,4012,,"F1 Smart Treadmill by BH Fitness ex hired",,,1,122.08,122.08,0,0,,218
12292,0,halcyon359@btinternet.com,8216,,"York Excel 310 Crosstrainer",,,1,151.00,151,0,0,,219
12293,0,anaisdescarries@hotmail.com,1115,,"LK5000 Commercial Rowing Machine - BH Fitness",,,1,"1,349.00",1349,0,0,,220
12295,0,lizziefmcnair@yahoo.co.uk,10470,,"Outwalk (Outdoor) by BH Fitness",,,1,203.00,203,0,0,,221
12302,0,graemedgeddes@btinternet.com,8293,55027,"York STS Flat to Incline Bench",,,1,274.99,274.99,0,0,,222
12304,0,innes311@hotmail.com,12187,,"York Fitness 3000 Series TII Treadmill - ex hired",,,1,143.00,143,0,0,,223
12317,0,gbpower@btinternet.com,8015,26704,"12.5 kg Pro Style DB by York",,,1,46.00,46,0,0,,224
12317,0,gbpower@btinternet.com,3753,,"Ab Cradle",,,1,39.99,39.99,0,0,,225
12317,0,gbpower@btinternet.com,8010,26702,"7.5 kg Pro Style DB by York",,,1,26.99,26.99,0,0,,226
12318,0,dan_adams@mailcan.com,8039,26715,"40 kg Pro Style DB by York",,,1,148.99,148.99,0,0,,227
12320,0,volbeat4eva@gmail.com,8149,48006,"York FTS Olympic Fixed Flat Bench",,,1,265.00,265,0,0,,228
12322,0,contact@thesmartresource.com,4006,,"Spada GSG Indoor Cycle by BH Fitness",,,1,515.00,515,0,0,,229
12323,0,kurt@chandlersports.co.uk,4162,,"York Fitness Active 120 Treadmill - ex hired",,,1,116.00,116,0,0,,230
12324,0,dpyetan@btinternet.com,12067,,"Inspire BL1 Multi-Station",,,1,799.00,799,0,0,,231
12328,945,eunicegraham@gmail.com,12187,,"York Fitness 3000 Series TII Treadmill - ex hired",,,1,108.00,108,0,0,,232
12332,0,fionaasweeney@yahoo.com,10354,,"F12 Treadmill by BH Fitness",,,1,240.00,240,0,0,,233
12332,0,fionaasweeney@yahoo.com,3605,,"Duke H925 Magnetic Indoor Cycle - BH Fitness",,,1,210.00,210,0,0,,234
12334,0,gepwatt@sky.com,10465,,"FDC19 Crosstrainer by BH Fitness",,,1,126.00,126,0,0,,235
12338,4,dan@inigo.net,8106,35007,"15 kg Rubber Hex Dumbbell by York",,,1,46.00,46,0,0,,236
12374,1060,gilliver.michael@gmail.com,8267,54252,"York Solid Oak Insert for Half Rack And College Rack",,,1,299.99,299.99,0,0,,237
12375,0,peter.harrodine@hotmail.com,11432,,"i-F4 Treadmill by BH Fitness",,,1,126.00,126,0,0,,238
12396,1061,kgraham1982@hotmail.co.uk,10465,,"FDC19 Crosstrainer by BH Fitness",,,1,126.00,126,0,0,,239
12511,0,gary-macaulay@live.co.uk,3992,,"Class Bike 2 Indoor Cycle by BH Fitness",,,1,108.00,108,0,0,,240
12519,0,nickryder@live.co.uk,11909,,"35kg Rubber Hex Dumbbell by York",,,2,102.00,204,0,0,,241
12643,0,dan_adams@mailcan.com,8291,55026,"York STS Flat Bench",,,1,133.00,133,0,0,,242
12716,0,gbpower1@btinternet.com,8010,26702,"7.5 kg Pro Style DB by York",,,1,26.99,26.99,0,0,,243
12762,0,spshazshaz@yahoo.co.uk,8006,26700,"2.5 kg Pro Style DB by York",,,2,9.99,19.98,0,0,,244
12762,0,spshazshaz@yahoo.co.uk,8008,26701,"5 kg Pro Style DB by York",,,2,17.99,35.98,0,0,,245
12763,1109,elizabethbrady4@icloud.com,4162,,"York Fitness Active 120 Treadmill - ex hired",,,1,116.00,116,0,0,,246
12823,1118,sparkygb@gmail.com,4162,,"York Fitness Active 120 Treadmill - ex hired",,,1,116.00,116,0,0,,247
12824,1119,d.garratt@hotmail.com,8259,54013,"York STS Dip Attachment for College and Half Rack",,,1,142.00,142,0,0,,248
12824,1119,d.garratt@hotmail.com,8280,55004,"York STS Multi-Functional Bench",,,1,359.99,359.99,0,0,,249
12824,1119,d.garratt@hotmail.com,8301,55053,"York STS Glute Hamstring Machine",,,1,629.99,629.99,0,0,,250
12828,0,timinanasi@hotmail.com,11432,,"i-F4 Treadmill by BH Fitness",,,1,899.00,899,0,0,,251
12829,1121,kamlai.mui@yahoo.com,8480,60178,"York Cast Iron 32kg Kettlebell",,,1,85.00,85,0,0,,252
12830,0,dan_adams@mailcan.com,8043,26719,"50 kg Pro Style DB by York",,,1,172.00,172,0,0,,253
12831,0,anabela.bolgar@gmail.com,7887,6640,"Adjustable Stabilised Knee Support by York",,,2,16.99,33.98,0,0,,254
12832,0,maryjon67@mail.net,8480,60178,"York Cast Iron 32kg Kettlebell",,,12,85.00,1020,0,0,,255
12879,1136,susanmclardy@uk.ibm.com,10375,,"F9 Treadmill by BH Fitness",,,1,185.00,185,0,0,,256
12897,0,chrisg3103@hotmail.co.uk,7915,8414,"Chest Strap Transmitter by York",,,1,24.99,24.99,0,0,,257
12898,1139,decky.grimes@btinternet.com,7854,6150,"Vinyl Locking Collar Pair Standard 1"" by York",,,2,2.50,5,0,0,,258
12903,1139,decky.grimes@btinternet.com,7854,6150,"Vinyl Locking Collar Pair Standard 1"" by York",,,2,2.50,5,0,0,,259
12905,1139,decky.grimes@btinternet.com,7854,6150,"Vinyl Locking Collar Pair Standard 1"" by York",,,2,2.50,5,0,0,,260
12906,1146,nathanpunzalan@live.com,8356,60091,"Folding Height Adjustable Punch Bag Stand by York",,,1,183.83,183.83,0,0,,261
12908,0,mel.francis@btinternet.com,8149,48006,"York FTS Olympic Fixed Flat Bench",,,1,265.00,265,0,0,,262
12913,0,timothy.jones6@ntlworld.com,12075,,"Inspire Fitness M1 Multi Gym",,,1,999.00,999,0,0,,263
12916,0,s.park@abertay.ac.uk,1712,,"Merit V2000 Vibration Plate",,,1,499.00,499,0,0,,264
12930,1178,gary.banks51@ntlworld.com,8027,26709,"25 kg Pro Style DB by York",,,2,94.00,188,0,0,,265
14235,0,michellemblackwell@btinternet.com,10552,,"Fitkase (I.Concept) by BH Fitness",,,1,24.00,24,0,0,,266
15171,0,ejlbrown@hotmail.com,8022,26707,"20 kg Pro Style DB",,,1,70.62,70.622,0,0,"a:2:{s:5:""total"";a:0:{}s:8:""subtotal"";a:0:{}}",270
15171,0,ejlbrown@hotmail.com,8025,26708,"22.5 kg Pro Style DB by York",,,2,78.99,157.9702,0,0,"a:2:{s:5:""total"";a:0:{}s:8:""subtotal"";a:0:{}}",271
15171,0,ejlbrown@hotmail.com,8027,26709,"25 kg Pro Style DB by York",,,2,87.35,174.6964,0,0,"a:2:{s:5:""total"";a:0:{}s:8:""subtotal"";a:0:{}}",272
15171,0,ejlbrown@hotmail.com,8029,26710,"27.5 kg Pro Style DB by York",,,1,95.71,95.7114,0,0,"a:2:{s:5:""total"";a:0:{}s:8:""subtotal"";a:0:{}}",273
15572,0,otmassive@hotmail.com,8569,BBE653,"7 Inch Leather Floor to Ceiling Ball Set BBE Pro",,,1,40.00,40,0,0,"a:2:{s:5:""total"";a:0:{}s:8:""subtotal"";a:0:{}}",276
15682,0,sarah.edwards235@gmail.com,12183,,"York Fitness 5000 Series TI Treadmill",,,1,117.00,117,0,0,"a:2:{s:5:""total"";a:0:{}s:8:""subtotal"";a:0:{}}",278
15688,0,lorajay@hotmail.com,11432,,"i-F4 Treadmill by BH Fitness",,,1,168.00,168,0,0,"a:2:{s:5:""total"";a:0:{}s:8:""subtotal"";a:0:{}}",280
15816,0,rizzo_8796@yahoo.co.uk,8293,55027,"York STS Flat to Incline Bench",,,1,274.99,274.99,0,0,"a:2:{s:5:""total"";a:0:{}s:8:""subtotal"";a:0:{}}",282
15817,1245,thesteadingchildminding@outlook.com,4216,,"I-F2W Treadmill by BH Fitness",,,1,152.00,152,0,0,"a:2:{s:5:""total"";a:0:{}s:8:""subtotal"";a:0:{}}",290
15818,2,kurt@chandlersports.co.uk,4216,,"I-F2W Treadmill by BH Fitness",,,1,117.00,117,0,0,"a:2:{s:5:""total"";a:0:{}s:8:""subtotal"";a:0:{}}",292
15819,1245,thesteadingchildminding@outlook.com,2989,,"Horizon Tempo T905 Treadmill EX HIRE",,,1,126.56,126.56,0,0,"a:2:{s:5:""total"";a:0:{}s:8:""subtotal"";a:0:{}}",296
15820,1245,thesteadingchildminding@outlook.com,2989,,"Horizon Tempo T905 Treadmill EX HIRE",,,1,126.56,126.56,0,0,"a:2:{s:5:""total"";a:0:{}s:8:""subtotal"";a:0:{}}",298
15821,0,cattoglenda@aol.co.uk,10385,,"F5 Treadmill ex hire by BH Fitness",,,1,173.00,173,0,0,"a:2:{s:5:""total"";a:0:{}s:8:""subtotal"";a:0:{}}",308
15827,2,kurt@chandlersports.co.uk,4162,,"York Fitness Active 120 Treadmill - ex hired",,,1,395.00,395,0,0,"a:2:{s:5:""total"";a:0:{}s:8:""subtotal"";a:0:{}}",326
